{"stats":{"minecraft:picked_up":{"minecraft:spruce_sapling":2,"minecraft:stick":1,"minecraft:poppy":6,"minecraft:redstone_torch":2,"minecraft:dandelion":2,"minecraft:black_concrete":1,"minecraft:wheat_seeds":8,"minecraft:spruce_door":3,"minecraft:redstone":19},"minecraft:dropped":{"minecraft:wheat_seeds":1,"minecraft:black_concrete":1,"minecraft:dirt":1},"minecraft:mined":{"minecraft:redstone_wire":1},"minecraft:used":{"minecraft:polished_tuff":214,"minecraft:painting":25,"minecraft:repeater":261,"minecraft:daylight_detector":3,"minecraft:purple_glazed_terracotta":114,"minecraft:iron_block":16,"minecraft:netherite_axe":454,"minecraft:potato":3,"minecraft:campfire":226,"minecraft:brick_stairs":75,"minecraft:sticky_piston":2,"minecraft:light_gray_concrete":469,"minecraft:glass":6,"minecraft:jungle_planks":8,"minecraft:polished_diorite_stairs":52,"minecraft:glass_pane":53,"minecraft:pink_concrete":25,"minecraft:jungle_fence":38,"minecraft:chiseled_tuff_bricks":225,"minecraft:bricks":12455,"minecraft:oak_wood":1,"minecraft:red_carpet":159,"minecraft:gray_stained_glass_pane":20,"minecraft:smithing_table":2,"minecraft:blue_concrete":33,"minecraft:oak_log":4,"minecraft:stonecutter":16,"minecraft:grindstone":2,"minecraft:pale_oak_door":2,"minecraft:jungle_slab":15,"minecraft:moss_block":19,"minecraft:jukebox":6,"minecraft:blue_terracotta":126,"minecraft:brown_stained_glass_pane":8,"minecraft:loom":2,"minecraft:hanging_roots":2,"minecraft:polished_diorite":91,"minecraft:chiseled_quartz_block":5,"minecraft:quartz_bricks":19,"minecraft:fire_charge":48,"minecraft:red_stained_glass":62,"minecraft:birch_planks":1131,"minecraft:armadillo_spawn_egg":1,"minecraft:item_frame":6,"minecraft:dark_oak_planks":144,"minecraft:glowstone":503,"minecraft:anvil":24,"minecraft:light_blue_stained_glass":196,"minecraft:dirt":65,"minecraft:glow_lichen":1,"minecraft:sand":53,"minecraft:wind_charge":34,"minecraft:redstone_block":49,"minecraft:spruce_planks":306,"minecraft:pink_stained_glass":5,"minecraft:dark_oak_door":5,"minecraft:twisting_vines":1,"minecraft:stripped_spruce_wood":41,"minecraft:copper_bulb":408,"minecraft:iron_bars":202,"minecraft:waxed_copper_bulb":802,"minecraft:lectern":2,"minecraft:bucket":15,"minecraft:iron_trapdoor":4,"minecraft:chiseled_bookshelf":69,"minecraft:oak_planks":238,"minecraft:purple_wool":51,"minecraft:flower_pot":4,"minecraft:yellow_wool":19,"minecraft:smooth_stone_slab":2632,"minecraft:diamond_block":8,"minecraft:oak_trapdoor":236,"minecraft:oak_fence":8,"minecraft:grass_block":553,"minecraft:spruce_fence":61,"minecraft:sponge":21,"minecraft:emerald_block":7,"minecraft:honeycomb":467,"minecraft:polished_deepslate":252,"minecraft:red_concrete":355,"minecraft:deepslate_bricks":6,"minecraft:bookshelf":8,"minecraft:shroomlight":1,"minecraft:ladder":4,"minecraft:purple_concrete_powder":128,"minecraft:ochre_froglight":8,"minecraft:tuff_brick_stairs":10,"minecraft:blast_furnace":24,"minecraft:blue_wool":88,"minecraft:packed_ice":236,"minecraft:weeping_vines":8,"minecraft:smooth_stone":4214,"minecraft:waxed_weathered_copper_bulb":83,"minecraft:light_blue_wool":139,"minecraft:birch_trapdoor":17,"minecraft:redstone":1841,"minecraft:oak_slab":77,"minecraft:white_stained_glass":33,"minecraft:zombie_head":1,"minecraft:spruce_door":13,"minecraft:yellow_glazed_terracotta":19,"minecraft:stone":2357,"minecraft:polished_andesite":317,"minecraft:acacia_door":2,"minecraft:chain":41,"minecraft:note_block":8,"minecraft:crafting_table":1,"minecraft:spruce_trapdoor":1,"minecraft:blue_stained_glass":5,"minecraft:tuff_bricks":1913,"minecraft:gold_block":20,"minecraft:piglin_head":2,"minecraft:brown_terracotta":789,"minecraft:smoker":11,"minecraft:birch_stairs":19,"minecraft:pale_hanging_moss":5,"minecraft:black_concrete":13200,"minecraft:trapped_chest":1,"minecraft:water_bucket":409,"minecraft:purple_concrete":124,"minecraft:bell":2,"minecraft:furnace":21,"minecraft:barrel":13,"minecraft:brown_stained_glass":63,"minecraft:red_wool":254,"minecraft:yellow_concrete":1614,"minecraft:cyan_wool":28,"minecraft:dark_oak_slab":5,"minecraft:lever":20,"minecraft:white_concrete":3157,"minecraft:oak_button":41,"minecraft:yellow_terracotta":42,"minecraft:tripwire_hook":13,"minecraft:stone_button":6,"minecraft:jungle_leaves":1730,"minecraft:white_wool":13,"minecraft:oak_stairs":64,"minecraft:redstone_lamp":36,"minecraft:redstone_torch":6,"minecraft:flint_and_steel":59,"minecraft:chest":5,"minecraft:cauldron":32,"minecraft:brown_wool":53,"minecraft:golden_shovel":149,"minecraft:brown_shulker_box":12},"minecraft:custom":{"minecraft:time_since_rest":2698520,"minecraft:leave_game":8,"minecraft:open_shulker_box":2,"minecraft:time_since_death":2698520,"minecraft:interact_with_furnace":1,"minecraft:total_world_time":3352113,"minecraft:crouch_one_cm":62645,"minecraft:pot_flower":3,"minecraft:climb_one_cm":446,"minecraft:interact_with_stonecutter":3,"minecraft:interact_with_campfire":428,"minecraft:walk_one_cm":5016597,"minecraft:walk_under_water_one_cm":247,"minecraft:play_time":2698520,"minecraft:damage_dealt":10,"minecraft:jump":2704,"minecraft:drop":3,"minecraft:use_cauldron":2,"minecraft:bell_ring":193,"minecraft:open_barrel":1,"minecraft:sprint_one_cm":567882,"minecraft:fill_cauldron":23,"minecraft:interact_with_smoker":3,"minecraft:fall_one_cm":1077,"minecraft:tune_noteblock":1,"minecraft:fly_one_cm":3324115,"minecraft:interact_with_anvil":1,"minecraft:walk_on_water_one_cm":41377,"minecraft:sneak_time":19876,"minecraft:interact_with_blast_furnace":2}},"DataVersion":4440}