{"stats":{"minecraft:killed":{"minecraft:slime":1},"minecraft:custom":{"minecraft:time_since_rest":205628,"minecraft:walk_one_cm":644330,"minecraft:leave_game":3,"minecraft:mob_kills":1,"minecraft:play_time":208903,"minecraft:damage_dealt":160,"minecraft:jump":495,"minecraft:time_since_death":205627,"minecraft:sprint_one_cm":41557,"minecraft:open_chest":1,"minecraft:total_world_time":240076,"minecraft:fly_one_cm":239014,"minecraft:pot_flower":2,"minecraft:crouch_one_cm":39044,"minecraft:sneak_time":6478,"minecraft:deaths":7},"minecraft:used":{"minecraft:grass_block":39,"minecraft:repeater":9,"minecraft:brick_slab":79,"minecraft:red_concrete":52,"minecraft:polished_tuff_slab":20,"minecraft:stripped_oak_wood":59,"minecraft:tnt":9,"minecraft:gray_glazed_terracotta":9,"minecraft:black_concrete":1035,"minecraft:brick_stairs":2,"minecraft:glass":8,"minecraft:glowstone":17,"minecraft:dirt":6,"minecraft:lever":3,"minecraft:white_concrete":1643,"minecraft:oak_button":2,"minecraft:spruce_planks":1306,"minecraft:bricks":10043,"minecraft:gray_stained_glass_pane":12,"minecraft:redstone":80,"minecraft:oak_slab":32,"minecraft:spruce_door":8,"minecraft:light_blue_terracotta":117,"minecraft:mace":1,"minecraft:oak_stairs":35,"minecraft:waxed_copper_bulb":45,"minecraft:flint_and_steel":38,"minecraft:oak_planks":2,"minecraft:flower_pot":3,"minecraft:bedrock":1},"minecraft:picked_up":{"minecraft:spruce_planks":51,"minecraft:dirt":10}},"DataVersion":4440}